finde,https://www.latercera.com/finde/noticia/con-actividades-y-mas-de-200-editoriales-los-detalles-de-la-furia-del-libro-de-verano-2025/
editorial,https://www.latercera.com/editorial/noticia/lo-que-anticipa-el-incidente-migratorio-en-la-frontera-norte/
publirreportajes,https://www.latercera.com/publirreportajes/noticia/pielarmina-depil-la-depilacion-sin-dolor-que-tu-piel-estaba-esperando/
tendencias,https://www.latercera.com/tendencias/noticia/review-del-oppo-reno14-f-5g-un-telefono-de-batalla/
sociales,https://www.latercera.com/sociales/noticia/gran-noche-de-los-copihue-de-oro-la-cuarta-celebro-20-anos-del-popular-premio-chileno/
tendencias,https://www.latercera.com/tendencias/noticia/pronostican-chubascos-y-frio-en-la-region-metropolitana-que-dia-termina-el-calor/
red-activa,https://www.latercera.com/red-activa/noticia/la-astronoma-chilena-tere-paneque-es-ditinguida-con-el-oscar-de-la-comunicacion-cientifica/
branded,https://www.latercera.com/branded/noticia/ceremonia-del-premio-emprende-marco-la-participacion-de-bancoestado-en-el-etm-day-2025/
red-activa,https://www.latercera.com/red-activa/noticia/segun-estudio-si-se-cierran-las-brechas-genero-en-empleo-el-pib-de-los-paises-podria-aumentar-en-torno-a-un-19-en-promedio/
pulso,https://www.latercera.com/pulso/noticia/gobierno-logra-acuerdo-por-reajuste-del-sector-publico/
editorial,https://www.latercera.com/editorial/noticia/el-desafio-economico-del-gobierno-boliviano/
finde,https://www.latercera.com/finde/noticia/asi-son-las-experiencias-tematicas-de-harry-potter-en-universal-studios-florida-islands-of-adventure-y-epic-universe/
mtonline,https://www.latercera.com/mtonline/noticia/nuevo-lynk-co-08-un-suv-hibrido-enchufable-de-gran-autonomia/
culto,https://www.latercera.com/culto/noticia/de-franklin-a-gaza-el-escritor-simon-soto-estrena-audioserie-sobre-palestina-y-las-raices-de-la-diaspora-en-chile/
pulso,https://www.latercera.com/pulso/noticia/mas-mujeres-en-directorios-el-calendario-de-implementacion-de-la-ley-que-empieza-a-regir-el-2026/
politica,https://www.latercera.com/politica/noticia/la-derrota-se-veia-venir-toha-reconoce-que-penso-que-diferencia-de-votos-entre-jara-y-kast-seria-un-poco-menor/
mtonline,https://www.latercera.com/mtonline/noticia/kia-ev5-se-suma-al-ultimo-exito-de-netflix/
nacional,https://www.latercera.com/nacional/noticia/trama-bielorrusa-corte-de-santiago-allana-el-camino-para-que-la-fiscalia-formalice-y-pida-cautelares-contra-exministra-vivanco/
mundo,https://www.latercera.com/mundo/noticia/super-humanos-el-centro-que-rehabilita-a-los-heridos-en-ucrania/
nacional,https://www.latercera.com/nacional/noticia/embajador-viera-gallo-por-visita-de-kast-a-milei-esta-en-la-linea-de-lo-que-han-hecho-otros-mandatarios-electos/
paula,https://www.latercera.com/paula/noticia/cartas-valparaiso-la-escritura-como-simbolo-de-libertad/
videos,https://www.latercera.com/videos/noticia/20-anos-de-mt-motores/
culto,https://www.latercera.com/culto/noticia/orquesta-y-coro-sinfonico-usach-celebran-navidad-con-el-mesias-de-haendel/
pulso,https://www.latercera.com/pulso/noticia/riesgo-pais-de-chile-llega-a-su-menor-nivel-en-18-anos/
mtonline,https://www.latercera.com/mtonline/noticia/cinco-estrellas-en-seguridad-para-volkswagen-tiguan-y-kia-ev4-en-las-pruebas-latin-ncap/
emprendimiento,https://www.latercera.com/emprendimiento/noticia/capital-de-riesgo-en-2026-liquidez-al-alza-pero-filtros-mas-duros/
opinion,https://www.latercera.com/opinion/noticia/el-nobel-de-la-libertad/
opinion,https://www.latercera.com/opinion/noticia/legalizando-el-juego-online/
que-pasa,https://www.latercera.com/que-pasa/noticia/por-cuatro-anos-siguieron-a-mas-de-mil-personas-y-descubrieron-una-vitamina-que-ayuda-a-vivir-mas-tiempo/
branded,https://www.latercera.com/branded/noticia/pediatras-atentos-senales-que-permiten-detectar-a-tiempo-la-mucopolisacaridosis-iv-a/
videos,https://www.latercera.com/videos/noticia/automotores-cuanto-valoran-los-chilenos-los-autos-chinos/
opinion,https://www.latercera.com/opinion/noticia/jorge-elton-la-cristalizacion-de-la-naturaleza/
opinion,https://www.latercera.com/opinion/noticia/gobierno-de-emergencia/
politica,https://www.latercera.com/politica/noticia/exjefe-de-campana-de-kast-no-descarta-que-se-puedan-nombrar-ministros-antes-del-15-de-enero/
editorial,https://www.latercera.com/editorial/noticia/toma-de-san-antonio-el-otro-legado-que-deja-este-gobierno/
emprendimiento,https://www.latercera.com/emprendimiento/noticia/maria-pinto-es-el-escenario-de-un-nuevo-podcast-que-cruza-musica-y-emprendimiento/
videos,https://www.latercera.com/videos/noticia/el-efecto-tesla-en-chile/
sociales,https://www.latercera.com/sociales/noticia/red-davila-conmemora-el-dia-del-medico/
culto,https://www.latercera.com/culto/noticia/orquesta-marga-marga-cerrara-el-2025-en-zoco-con-un-concierto-de-estrenos-chilenos/
nacional,https://www.latercera.com/nacional/noticia/adulto-mayor-es-asesinado-por-delincuentes-tras-frustrar-robo-de-su-vehiculo-en-el-bosque/
mundo,https://www.latercera.com/mundo/noticia/trump-le-baja-el-perfil-a-trascendidos-y-sostiene-que-el-despliegue-militar-en-las-costas-de-venezuela-es-solo-un-bloqueo/
culto,https://www.latercera.com/culto/noticia/autoridades-confirman-causa-de-muerte-del-director-rob-reiner-y-su-esposa-michelle/
emprendimiento,https://www.latercera.com/emprendimiento/noticia/quince-anos-moviendo-el-tablero-la-metamorfosis-de-start-up-chile/
nacional,https://www.latercera.com/nacional/noticia/que-fue-de-la-denunciante-de-monsalve-funcionaria-sigue-con-licencia-y-permanecera-en-la-subsecretaria-durante-el-proximo-gobierno/
paula,https://www.latercera.com/paula/noticia/karate-y-amor-la-historia-de-anastasia-velozo-la-ucraniana-que-triunfa-en-el-team-chile/
politica,https://www.latercera.com/politica/noticia/jackson-y-su-autocritica-tras-la-derrota-menciona-temucuicui-indultos-y-su-gestion-en-la-segpres-como-errores/
que-pasa,https://www.latercera.com/que-pasa/noticia/un-costo-oculto-por-que-las-mujeres-evitan-lugares-de-trabajo-planos-sin-gerentes-y-jefes/
el-deportivo,https://www.latercera.com/el-deportivo/noticia/un-accidente-domestico-el-fantasma-del-retiro-y-partir-de-cero-la-encrucijada-mas-dificil-de-guillermo-mito-pereira/
nacional,https://www.latercera.com/nacional/noticia/cordero-califica-como-preocupante-informe-de-contraloria-sobre-la-tia-rica/
opinion,https://www.latercera.com/opinion/noticia/las-diversas-formas-de-una-misma-rabia/
culto,https://www.latercera.com/culto/noticia/la-academia-confirma-acuerdo-con-youtube-para-la-transmision-de-los-oscar/
servicios,https://www.latercera.com/servicios/noticia/donde-y-a-que-hora-ver-a-twente-vs-real-madrid-por-la-champions-league-femenina/
emprendimiento,https://www.latercera.com/emprendimiento/noticia/fintech-chilena-blanco-busca-levantar-la-ronda-mas-alta-en-la-historia-de-broota-en-america-latina/
finde,https://www.latercera.com/finde/noticia/guia-del-ocio-panoramas-escogidos-para-el-fin-de-semana-del-6-y-7-de-diciembre/
emprendimiento,https://www.latercera.com/emprendimiento/noticia/bci-aumentara-a-us150-millones-el-financiamiento-para-startups-y-expandira-su-red-de-apoyo-en-chile-y-eeuu/
videos,https://www.latercera.com/videos/noticia/navidad-el-retail-se-juega-el-ano/
branded,https://www.latercera.com/branded/noticia/honor-400-smart-el-nuevo-smartphone-ultrarresistente-con-bateria-de-6500mah-y-boton-de-ia/
paula,https://www.latercera.com/paula/noticia/barbara-sepulveda-para-una-correcta-implementacion-de-la-ley-contra-la-violencia-hacia-las-mujeres-se-requiere-mucha-voluntad-politica/
tendencias,https://www.latercera.com/tendencias/noticia/los-presuntos-vinculos-de-los-sospechosos-del-tiroteo-en-sydney-con-el-grupo-extremista-isis/
nacional,https://www.latercera.com/nacional/noticia/tribunal-fija-fecha-para-formalizar-a-pangal-andrade-por-uso-ilicito-del-fuego-en-el-parque-nacional-hornopiren/
opinion,https://www.latercera.com/opinion/noticia/por-una-democracia-precavida/
culto,https://www.latercera.com/culto/noticia/joseph-kosinski-director-de-f1-a-brad-pitt-le-encantaria-volver-si-podemos-crear-una-historia-digna-de-ser-contada/
servicios,https://www.latercera.com/servicios/noticia/sube-o-baja-la-bencina-revisa-el-precio-del-combustible-para-los-proximos-dias-20/
branded,https://www.latercera.com/branded/noticia/uc-y-uc-christus-lideran-iniciativa-de-inteligencia-artificial-para-optimizar-los-procesos-de-atencion-en-salud/
mundo,https://www.latercera.com/mundo/noticia/maduro-asegura-que-un-gobierno-impuesto-en-venezuela-no-duraria-ni-47-horas/
cartas-al-director,https://www.latercera.com/cartas-al-director/noticia/barrer-con-agua/
el-deportivo,https://www.latercera.com/el-deportivo/noticia/como-juega-y-cuales-son-los-numeros-de-renato-paiva-el-principal-candidato-para-asumir-la-banca-de-la-u/
emprendimiento,https://www.latercera.com/emprendimiento/noticia/esto-lo-que-deberia-hacer-el-nuevo-presidente-del-pais-segun-14-fundadores-de-startups/
politica,https://www.latercera.com/politica/noticia/la-primera-arremetida-de-la-izquierda-contra-kast-como-presidente-electo-cuestionan-contactos-con-israel/
emprendimiento,https://www.latercera.com/emprendimiento/noticia/10-consejos-para-aprovechar-al-maximo-el-evento-de-emprendimiento-e-innovacion-mas-grande-de-latinoamerica/
el-deportivo,https://www.latercera.com/el-deportivo/noticia/el-flamengo-de-erick-pulgar-vence-al-pyramids-y-se-medira-con-el-psg-en-la-final-de-la-copa-intercontinental/
culto,https://www.latercera.com/culto/noticia/kidd-voodoo-agota-12-fechas-en-movistar-arena-y-entra-al-paseo-de-la-fama-del-recinto/
red-activa,https://www.latercera.com/red-activa/noticia/creer-en-las-personas-para-crecer/
servicios,https://www.latercera.com/servicios/noticia/bienvenidos-a-lt-beneficios-mas-descuentos-y-experiencias-que-se-viven/
politica,https://www.latercera.com/politica/noticia/agenda-legislativa-y-reuniones-protocolares-el-despliegue-de-arturo-squella-en-el-congreso/
el-deportivo,https://www.latercera.com/el-deportivo/noticia/los-condores-suman-un-exigente-test-match-en-su-preparacion-al-mundial-de-rugby/
tendencias,https://www.latercera.com/tendencias/noticia/samsung-revela-el-galaxy-z-trifold-como-es-el-telefono-que-se-pliega-dos-veces-y-se-transforma-en-una-tablet-de-10-pulgadas/
culto,https://www.latercera.com/culto/noticia/el-boxset-de-la-voz-de-los-80-ahora-disponible-en-cd/
tendencias,https://www.latercera.com/tendencias/noticia/resena-de-la-eufy-omni-c20-opiniones-pros-y-contras-de-la-aspiradora-robot/
videos,https://www.latercera.com/videos/noticia/aguas-andinas-y-colbun-firman-acuerdo-para-impulsar-un-futuro-sostenible-con-energia-100-renovable/
mundo,https://www.latercera.com/mundo/noticia/peter-arnett-ganador-del-premio-pulitzer-fallece-a-los-91-anos-cubrio-guerras-de-vietnam-y-del-golfo/
pulso,https://www.latercera.com/pulso/noticia/ya-es-ley-sindicatos-logran-mantener-el-feriado-bancario/
lt-board,https://www.latercera.com/lt-board/noticia/a-25-anos-de-su-inicio-los-desafios-pendientes-de-la-reforma-que-le-cambio-la-cara-a-la-justicia-en-chile/
sustentabilidad,https://www.latercera.com/sustentabilidad/noticia/como-fauna-lollapalooza-y-fluvial-redefinen-la-industria-hacia-festivales-sostenibles/
opinion,https://www.latercera.com/opinion/noticia/un-premio-para-el-alma-de-venezuela/
editorial,https://www.latercera.com/editorial/noticia/bochornosa-inasistencia-de-diputados/
mtonline,https://www.latercera.com/mtonline/noticia/caterham-rompe-el-silencio-y-muestra-su-primer-deportivo-electrico/
sustentabilidad,https://www.latercera.com/sustentabilidad/noticia/cuky-perez-reflexiona-sobre-el-rol-de-lideres-empresarias-en-nueva-edicion-de-iniciativa-mujeres-scotiabank/
tendencias,https://www.latercera.com/tendencias/noticia/como-rusia-ha-recurrido-a-agentes-en-mexico-para-espiar-a-estados-unidos-segun-una-investigacion/
culto,https://www.latercera.com/culto/noticia/the-lowdown-por-los-palos/
paula,https://www.latercera.com/paula/noticia/ser-delgada-no-me-protegio-del-escrutinio/
sociales,https://www.latercera.com/sociales/noticia/marques-de-casa-concha-presenta-noble-blend-un-ensamblaje-de-tradicion-y-excelencia/
cartas-al-director,https://www.latercera.com/cartas-al-director/noticia/resaca/
paula,https://www.latercera.com/paula/noticia/la-primera-de-todas-el-libro-de-gabriela-mistral-que-se-reparte-gratis-en-el-metro/
pulso,https://www.latercera.com/pulso/noticia/gobierno-incluye-norma-para-restringir-el-despido-de-trabajadores-en-reajuste-publico-y-genera-fuerte-rechazo-de-la-oposicion/
editorial,https://www.latercera.com/editorial/noticia/ineludible-responsabilidad-del-estado/
finde,https://www.latercera.com/finde/noticia/radler-una-cerveza-refrescante-de-sabor-citrico-ideal-para-el-verano/
nacional,https://www.latercera.com/nacional/noticia/villancicos-arboles-gigantes-o-duendes-las-apuestas-de-los-municipios-para-navidad/
nacional,https://www.latercera.com/nacional/noticia/operacion-apocalipsis-se-entrega-gendarme-investigado-y-buscan-a-otros-tres-en-la-region-metropolitana/
tendencias,https://www.latercera.com/tendencias/noticia/como-aplicar-la-ia-en-los-negocios-usos-practicos-del-ecosistema-samsung/
nacional,https://www.latercera.com/nacional/noticia/vendian-droga-en-bolsas-con-el-rostro-de-pablo-escobar-11-detenidos-tras-allanamientos-en-cerro-navia/
el-deportivo,https://www.latercera.com/el-deportivo/noticia/una-llamada-y-un-rechazo-rapido-la-historia-detras-del-acercamiento-de-la-u-con-martin-anselmi/
opinion,https://www.latercera.com/opinion/noticia/ley-duque-y-el-valor-para-los-amantes-de-sus-mascotas/
educacion,https://www.latercera.com/educacion/noticia/expertos-resaltan-el-rol-estrategico-de-la-educacion-tecnica-para-impulsar-el-crecimiento-y-el-empleo/
sociales,https://www.latercera.com/sociales/noticia/leapmotor-da-un-salto-a-una-nueva-era-en-chile-de-la-mano-de-stellantis/
nacional,https://www.latercera.com/nacional/noticia/h3n2-reordena-prioridades-en-el-minsal-como-la-amenaza-de-la-supergripe-activo-al-ministerio-y-su-plan-preventivo/
emprendimiento,https://www.latercera.com/emprendimiento/noticia/lanzan-fondo-de-100-millones-para-startups-enfrenten-los-problemas-transversales-de-las-pymes-en-chile/
pulso,https://www.latercera.com/pulso/noticia/back-to-the-future/
el-deportivo,https://www.latercera.com/el-deportivo/noticia/milad-suspende-reunion-y-ambos-clubes-no-firman-acta-las-esquirlas-de-la-guerra-de-union-espanola-e-iquique-con-la-anfp/
finde,https://www.latercera.com/finde/noticia/el-cascanueces-en-el-teatro-nescafe-de-las-artes-los-detalles-de-las-funciones-y-donde-comprar-las-entradas/
tendencias,https://www.latercera.com/tendencias/noticia/que-fue-lo-mas-visto-por-los-chilenos-en-netflix-este-2025/
opinion,https://www.latercera.com/opinion/noticia/la-derechita-valiente/
mundo,https://www.latercera.com/mundo/noticia/trump-pone-fin-a-la-expectacion-y-no-se-pronuncia-sobre-venezuela-en-su-mensaje-a-la-nacion/
servicios,https://www.latercera.com/servicios/noticia/donde-y-a-que-hora-ver-a-chile-vs-argentina-por-la-copa-uc-sub-17/
mtonline,https://www.latercera.com/mtonline/noticia/nuevo-kia-sportage-debuta-en-chile-la-renovada-version-hibrida/
mundo,https://www.latercera.com/mundo/noticia/todo-es-cuestion-del-petroleo-padrino-lopez-cuestiona-arremetida-de-donald-trump-contra-venezuela/
sociales,https://www.latercera.com/sociales/noticia/entel-fue-reconocida-como-la-septima-empresa-con-mejor-reputacion-en-chile/
cartas-al-director,https://www.latercera.com/cartas-al-director/noticia/una-tradicion-que-cuidar/
servicios,https://www.latercera.com/servicios/noticia/tren-del-recuerdo-revisa-los-precios-de-los-ultimos-recorridos-de-diciembre-y-el-viaje-especial-de-ano-nuevo/
el-deportivo,https://www.latercera.com/el-deportivo/noticia/el-primer-fracaso-del-sevilla-de-alexis-sanchez-y-gabriel-suazo-queda-eliminado-de-la-copa-del-rey/
sustentabilidad,https://www.latercera.com/sustentabilidad/noticia/43-de-las-empresas-a-nivel-global-considera-el-impacto-ambiental-al-implementar-soluciones-de-ia/
finde,https://www.latercera.com/finde/noticia/guaufest-2025-el-festival-perruno-que-promete-actividades-juegos-y-piletas-tematicas/
red-activa,https://www.latercera.com/red-activa/noticia/chile-reafirma-su-compromiso-con-la-proteccion-social-con-una-agenda-de-cuidados-y-derechos-de-las-mujeres-ante-la-onu/
editorial,https://www.latercera.com/editorial/noticia/violentas-agresiones-a-profesores/
cartas-al-director,https://www.latercera.com/cartas-al-director/noticia/nace-el-nuevo-eje-austral/
servicios,https://www.latercera.com/servicios/noticia/rating-del-martes-16-de-diciembre-en-chile-como-le-fue-a-chv-mega-canal-13-y-tvn/
cartas-al-director,https://www.latercera.com/cartas-al-director/noticia/cuando-el-odio-erosiona-la-convivencia-democratica/
sustentabilidad,https://www.latercera.com/sustentabilidad/noticia/estudio-revela-cuales-son-las-principales-percepciones-de-los-paises-respecto-de-la-cop30/
mtonline,https://www.latercera.com/mtonline/noticia/primer-hibrido-de-omoda-llegara-a-chile-el-primer-semestre-de-2026/
sustentabilidad,https://www.latercera.com/sustentabilidad/noticia/construir-ciudades-sostenibles-el-urbanismo-como-motor-social-cultural-y-climatico/
opinion,https://www.latercera.com/opinion/noticia/del-estancamiento-al-crecimiento-con-modernizacion-ambiental-y-dialogo-publico-privado/
pulso,https://www.latercera.com/pulso/noticia/reajuste-del-sector-publico-hacienda-dice-que-es-responsable-fiscalmente-y-que-esta-financiado/
servicios,https://www.latercera.com/servicios/noticia/vence-el-plazo-para-cobrar-el-bono-marzo-2025-revisa-como-recibirlo/
sustentabilidad,https://www.latercera.com/sustentabilidad/noticia/la-revolucion-de-la-madera-chile-avanza-hacia-la-construccion-sustentable/
opinion,https://www.latercera.com/opinion/noticia/extremos/
culto,https://www.latercera.com/culto/noticia/comedia-en-33-rpm-natalia-valdebenito-edita-gritona-en-vinilo/
opinion,https://www.latercera.com/opinion/noticia/indignos/
el-deportivo,https://www.latercera.com/el-deportivo/noticia/el-millonario-precio-que-exige-river-plate-a-sao-paulo-por-la-compra-definitiva-de-gonzalo-tapia/
mundo,https://www.latercera.com/mundo/noticia/democratas-de-la-camara-de-representantes-de-estados-unidos-presentan-resoluciones-contra-una-guerra-en-venezuela/
educacion,https://www.latercera.com/educacion/noticia/bienestar-humano-un-concepto-en-construccion/
culto,https://www.latercera.com/culto/noticia/neobolero-la-huella-de-macha-y-el-bloque-depresivo-en-una-nueva-generacion/
emprendimiento,https://www.latercera.com/emprendimiento/noticia/babytuto-mapcity-cornershop-que-paso-con-sus-creadores-despues-de-vender-su-startup/
pulso,https://www.latercera.com/pulso/noticia/nicolas-grau-me-da-satisfaccion-entregar-una-economia-en-mucho-mejores-terminos-que-la-que-recibimos/
pulso,https://www.latercera.com/pulso/noticia/banco-central-anticipa-un-buen-escenario-de-pib-e-inflacion-para-el-primer-ano-del-gobierno-de-kast/
servicios,https://www.latercera.com/servicios/noticia/donde-y-a-que-hora-ver-a-paris-vs-barcelona-por-la-champions-league-femenina/
opinion,https://www.latercera.com/opinion/noticia/diablo-para-visitas-y-locales/
politica,https://www.latercera.com/politica/noticia/la-molestia-de-la-moneda-con-el-relato-del-gobierno-de-emergencia-que-instalo-kast/
paula,https://www.latercera.com/paula/noticia/datos-paula-tres-rincones-que-traen-el-sabor-de-nueva-york-a-santiago/
branded,https://www.latercera.com/branded/noticia/hm-chile-presenta-su-remodelada-tienda-en-casacostanera-con-una-coleccion-inspirada-en-el-relajo-isleno/
educacion,https://www.latercera.com/educacion/noticia/fernanda-kri-rectora-de-la-u-de-ohiggins-ser-una-universidad-de-region-tiene-desafios-interesantes-con-lo-bueno-y-malo-que-ello-implica/
nacional,https://www.latercera.com/nacional/noticia/que-piensan-los-venezolanos-en-chile-sobre-la-escalada-militar-con-eeuu/
servicios,https://www.latercera.com/servicios/noticia/comienza-plazo-para-solicitar-vacantes-en-anotate-en-la-lista-2026-para-colegios-del-centro-y-sur-del-pais/
pulso,https://www.latercera.com/pulso/noticia/eeuu-aprueba-una-venta-de-armas-a-taiwan-por-us-11000-millones/
branded,https://www.latercera.com/branded/noticia/estudios-sugieren-que-celebrar-ano-nuevo-fuera-de-casa-aumenta-la-sensacion-de-bienestar/
opinion,https://www.latercera.com/opinion/noticia/el-campo-de-las-derechas/
culto,https://www.latercera.com/culto/noticia/spielberg-vuelve-a-los-cines-en-2026-mira-el-primer-trailer-de-el-dia-de-la-revelacion/
el-deportivo,https://www.latercera.com/el-deportivo/noticia/ohiggins-y-palestino-lideran-los-minutos-juveniles-en-la-liga-de-primera/
cartas-al-director,https://www.latercera.com/cartas-al-director/noticia/urgencia-en-educacion/
finde,https://www.latercera.com/finde/noticia/desde-harry-potter-hasta-los-simpson-y-super-mario-estos-son-los-4-parques-tematicos-de-universal-orlando-resort/
educacion,https://www.latercera.com/educacion/noticia/formar-para-un-mundo-cambiante-el-desafio-de-la-universidad-del-futuro/
sustentabilidad,https://www.latercera.com/sustentabilidad/noticia/banca-etica-el-modelo-que-busca-redefinir-la-inversion-con-conciencia-e-impacto-positivo/
emprendimiento,https://www.latercera.com/emprendimiento/noticia/robots-en-los-tuneles-la-futurista-tecnologia-de-un-ingeniero-y-un-disenador-chilenos-que-esta-transformando-la-mineria/
videos,https://www.latercera.com/videos/noticia/economia-2026-mejor-imposible/
branded,https://www.latercera.com/branded/noticia/universidad-catolica-y-rosen-sellan-alianza-con-la-remodelacion-de-la-casa-cruzada/
editorial,https://www.latercera.com/editorial/noticia/red-de-corrupcion-al-interior-de-las-carceles/
cartas-al-director,https://www.latercera.com/cartas-al-director/noticia/verdad-sin-color/
nacional,https://www.latercera.com/nacional/noticia/a-tres-meses-de-dejar-la-moneda-gobierno-aprueba-politica-de-defensa-que-incluye-infraestructura-critica-y-perspectiva-de-genero/
paula,https://www.latercera.com/paula/noticia/guaguatecas-el-proyecto-que-busca-transformar-la-lectura-en-la-primera-infancia/
branded,https://www.latercera.com/branded/noticia/animal-print-como-combinar-la-tendencia-que-vuelve-con-fuerza/
politica,https://www.latercera.com/politica/noticia/el-simbolico-asiento-de-jaime-guzman-en-el-senado-que-la-udi-se-resiste-a-perder/
videos,https://www.latercera.com/videos/noticia/a-la-izquierda-le-encanta-perder/
el-deportivo,https://www.latercera.com/el-deportivo/noticia/mas-alegrias-para-daniel-garnero-la-uc-asegura-a-una-de-las-figuras-clave-del-dt-y-extiende-aun-mas-su-contrato/
cartas-al-director,https://www.latercera.com/cartas-al-director/noticia/pensamiento-critico/
tendencias,https://www.latercera.com/tendencias/noticia/kingston-fury-renegade-analisis-un-ssd-para-olvidarse-del-espacio-en-la-playstation-5/
sociales,https://www.latercera.com/sociales/noticia/aiep-esta-de-moda-2025-xvi-version-el-hilo-de-la-innovacion-marco-tendencia-en-la-pasarela-nacional/
educacion,https://www.latercera.com/educacion/noticia/vicky-colbert-la-colombiana-creadora-de-un-modelo-pedagogico-que-ha-dado-la-vuelta-al-mundo-fue-una-revolucion-que-se-dio-desde-abajo/
mtonline,https://www.latercera.com/mtonline/noticia/volkswagen-se-atreve-sin-volante-el-genurban-ya-rueda-solo-por-la-ciudad/
nacional,https://www.latercera.com/nacional/noticia/h3n2-en-la-mira-del-minsal-como-la-amenaza-de-la-supergripe-activo-al-ministerio-y-su-plan-preventivo/
publirreportajes,https://www.latercera.com/publirreportajes/noticia/cenco-malls-abre-convocatoria-a-una-nueva-edicion-de-cosmolab-su-desafio-global-de-innovacion-abierta/
sociales,https://www.latercera.com/sociales/noticia/plexotech-y-medi-assist-sellaron-alianza-por-1-tpa-digital-de-salud-en-latam/
politica,https://www.latercera.com/politica/noticia/bancada-udi-exige-renuncia-del-director-de-la-tia-rica-tras-deteccion-de-irregularidades/
red-activa,https://www.latercera.com/red-activa/noticia/con-una-mayor-presencia-femenina-la-nasa-presenta-a-sus-nuevos-astronautas-de-la-promocion-2025/
tendencias,https://www.latercera.com/tendencias/noticia/el-metodo-de-longevidad-de-dick-van-dyke-el-actor-de-hollywood-que-ya-tiene-100-anos/
culto,https://www.latercera.com/culto/noticia/critica-de-discos-dream-theater-no-convence-cheap-trick-sigue-siendo-mejor-en-vivo-y-depeche-mode-siempre-brilla/
politica,https://www.latercera.com/politica/noticia/kast-a-partir-del-15-de-enero-ustedes-van-a-ir-conociendo-ya-bastante-bien-quienes-van-a-ser-los-futuros-ministros/
tendencias,https://www.latercera.com/tendencias/noticia/la-critica-de-donald-trump-al-director-rob-reiner-despues-de-su-muerte/
cartas-al-director,https://www.latercera.com/cartas-al-director/noticia/eduardo-rodriguez-guarachi/
publirreportajes,https://www.latercera.com/publirreportajes/noticia/ford-lanza-su-nuevo-posicionamiento-global-de-marca-ready-set-ford/
mtonline,https://www.latercera.com/mtonline/noticia/geely-bate-records-guinness-al-inaugurar-el-mayor-centro-de-pruebas-automotriz/
pulso,https://www.latercera.com/pulso/noticia/rosanna-costa-cerramos-2025-con-un-desempeno-mas-favorable-al-que-se-estimaba-a-inicios-de-este-ano/
tendencias,https://www.latercera.com/tendencias/noticia/honor-magic-v5-analisis-el-plegable-mas-delgado-redefine-la-autonomia/
tendencias,https://www.latercera.com/tendencias/noticia/cual-es-la-revelacion-del-ano-2025-segun-la-revista-time/
el-deportivo,https://www.latercera.com/el-deportivo/noticia/pago-en-cuotas-y-afinando-el-borrador-como-avanza-la-negociacion-entre-gustavo-alvarez-y-la-u-para-concretar-su-salida/
cartas-al-director,https://www.latercera.com/cartas-al-director/noticia/democracia/
mundo,https://www.latercera.com/mundo/noticia/venezuela-solicita-reunion-de-emergencia-del-consejo-de-seguridad-de-la-onu-por-continua-agresion-de-eeuu/
tendencias,https://www.latercera.com/tendencias/noticia/fertilizantes-hechos-con-bacterias-y-un-guante-para-rehabilitacion-5-ideas-que-proponen-los-jovenes-para-chile/
opinion,https://www.latercera.com/opinion/noticia/traspaso-de-mando-en-la-era-digital/
politica,https://www.latercera.com/politica/noticia/la-foto-de-vodanovic-y-quintana-que-profundiza-el-debate-sobre-la-unidad-amplia-de-la-izquierda-como-oposicion/
emprendimiento,https://www.latercera.com/emprendimiento/noticia/cinco-libros-recientes-sobre-como-es-el-camino-de-emprender-en-chile/
tendencias,https://www.latercera.com/tendencias/noticia/como-fue-el-nuevo-ataque-de-eeuu-contra-una-embarcacion-en-el-pacifico-reportan-4-muertos/
opinion,https://www.latercera.com/opinion/noticia/chile-productividad-y-apertura-dos-caras-de-una-misma-moneda/
sustentabilidad,https://www.latercera.com/sustentabilidad/noticia/innovacion-chilena-gestiona-y-previene-riesgos-ambientales-sociales-y-de-greenwashing-de-proveedores-asiaticos/
tendencias,https://www.latercera.com/tendencias/noticia/estos-son-los-39-paises-con-prohibicion-de-viaje-de-sus-ciudadanos-a-eeuu-tras-el-nuevo-anuncio-de-trump/
politica,https://www.latercera.com/politica/noticia/margen-de-victoria-los-conflictos-y-desafios-que-se-abren-a-partir-de-la-diferencia-de-votos-entre-el-primer-y-segundo-lugar/
opinion,https://www.latercera.com/opinion/noticia/una-revolucion-necesaria/
servicios,https://www.latercera.com/servicios/noticia/revisa-la-informacion-de-nivel-socioeconomico-del-fuas-para-postular-a-gratuidad-becas-o-creditos/
finde,https://www.latercera.com/finde/noticia/con-actividades-y-descuentos-la-feria-de-libros-del-ies-tendra-una-nueva-version/
editorial,https://www.latercera.com/editorial/noticia/el-contundente-triunfo-de-kast-y-la-aplastante-derrota-del-oficialismo/
educacion,https://www.latercera.com/educacion/noticia/familias-multiespecie-como-el-nuevo-trato-con-las-mascotas-obligo-a-cambiar-la-medicina-veterinaria/
red-activa,https://www.latercera.com/red-activa/noticia/empresas-recuperan-mas-de-tres-veces-lo-invertido-en-programas-de-bienestar-laboral/
servicios,https://www.latercera.com/servicios/noticia/temblor-hoy-miercoles-17-de-diciembre-en-chile-consulta-epicentro-y-magnitud/
publirreportajes,https://www.latercera.com/publirreportajes/noticia/se-recupera-la-tendencia-del-viaje-corporativo-en-2025/
culto,https://www.latercera.com/culto/noticia/llega-el-libro-que-recorre-la-obra-musical-de-victor-jara-el-estaba-muy-atento-a-lo-que-estaba-sonando-en-el-mundo/
finde,https://www.latercera.com/finde/noticia/estos-son-los-barrios-de-santiago-que-resaltaron-en-2025-y-seguiran-al-alza-en-2026-segun-una-revision/
finde,https://www.latercera.com/finde/noticia/un-dia-en-qatar-descubriendo-el-laberintico-mercado-de-souq-waqif/
paula,https://www.latercera.com/paula/noticia/suplementos-encapsular-el-bienestar/
opinion,https://www.latercera.com/opinion/noticia/una-nacion-con-alma-el-desafio-de-gobernar-bien/
lt-board,https://www.latercera.com/lt-board/noticia/el-efecto-fantasma-del-tren-de-aragua/
pulso,https://www.latercera.com/pulso/noticia/jorge-quiroz-expone-plan-economico-de-kast-en-la-sofofa-enfatiza-que-mandara-el-crecimiento-y-pone-foco-en-microeconomia/
culto,https://www.latercera.com/culto/noticia/george-clooney-no-besara-mas-mujeres-en-las-peliculas-no-intento-competir-con-actores-de-25-anos/
culto,https://www.latercera.com/culto/noticia/la-potencia-de-la-ternura-en-tiempos-dificiles-las-claves-del-ensayo-chileno-que-ilumino-2025/
sustentabilidad,https://www.latercera.com/sustentabilidad/noticia/lanzan-3-version-de-la-guia-practica-para-la-gestion-circular-empresarial/
politica,https://www.latercera.com/politica/noticia/chomali-ffaa-y-policias-kast-lidera-reuniones-protocolares/
opinion,https://www.latercera.com/opinion/noticia/moraleja/
sustentabilidad,https://www.latercera.com/sustentabilidad/noticia/encuentro-redactiva-modelos-de-diversidad-de-genero-en-los-directorios/
culto,https://www.latercera.com/culto/noticia/ir-al-paraiso-donde-nadie-me-espera-un-relato-de-jaime-bayly/
finde,https://www.latercera.com/finde/noticia/guia-del-ocio-panoramas-escogidos-para-el-fin-de-semana-del-29-y-30-de-noviembre/
finde,https://www.latercera.com/finde/noticia/ac-hotel-santiago-cenco-costanera-presenta-su-fiesta-de-ano-nuevo-2026-con-buffet-premium-y-celebracion-en-rooftop/
servicios,https://www.latercera.com/servicios/noticia/a-que-hora-y-donde-ver-la-despedida-de-walter-montillo-en-tv-y-streaming/
mundo,https://www.latercera.com/mundo/noticia/thiago-avila-el-activista-brasileno-tras-la-flotilla-de-gaza/
paula,https://www.latercera.com/paula/noticia/petra-la-belleza-de-decir-adios/
servicios,https://www.latercera.com/servicios/noticia/temblor-hoy-jueves-18-de-diciembre-en-chile-consulta-epicentro-y-magnitud/
paula,https://www.latercera.com/paula/noticia/hablemos-de-amor-mi-desicion-de-ser-madre-sola/
red-activa,https://www.latercera.com/red-activa/noticia/gestion-de-personas-el-nuevo-motor-estrategico-para-la-transformacion-empresarial-en-chile/
lt-board,https://www.latercera.com/lt-board/noticia/menos-alcohol-menos-marihuana-el-cambio-cultural-que-reordena-a-las-nuevas-generaciones/
cartas-al-director,https://www.latercera.com/cartas-al-director/noticia/cuatro-anos-y-sus-lecciones/
educacion,https://www.latercera.com/educacion/noticia/estas-son-las-5-carreras-mas-demandas-en-el-pais-uno-de-cada-tres-alumnos-las-elige/
mundo,https://www.latercera.com/mundo/noticia/la-eurocamara-defiende-la-eliminacion-de-las-fronteras-internas-de-la-ue-para-mover-tropas-y-material-militar/
el-deportivo,https://www.latercera.com/el-deportivo/noticia/los-mejores-de-2025-coquimbo-unido-palavecino-y-charles-aranguiz-se-llevan-los-aplausos-y-colo-colo-los-reproches/
red-activa,https://www.latercera.com/red-activa/noticia/la-nueva-violencia-laboral-en-chile-cifras-historicas-revelan-un-problema-estructural/
sociales,https://www.latercera.com/sociales/noticia/encuentro-anual-cif-2025-la-innovacion-en-salud-en-el-centro-del-debate-economico-de-los-equipos-presidenciales/
nacional,https://www.latercera.com/nacional/noticia/corte-suprema-reabre-concurso-para-el-cargo-de-ministro-del-maximo-tribunal-en-vacante-del-expulsado-exjuez-sergio-munoz/
pulso,https://www.latercera.com/pulso/noticia/priscila-robledo-hay-razones-para-estar-mas-optimistas-en-terminos-de-crecimiento/
videos,https://www.latercera.com/videos/noticia/los-desafios-del-proximo-gobierno/
opinion,https://www.latercera.com/opinion/noticia/el-nuevo-clivaje-de-la-politica-chilena/
educacion,https://www.latercera.com/educacion/noticia/hugo-lavados-rector-de-la-u-san-sebastian-se-estan-gastando-demasiados-recursos-en-la-gratuidad/
sociales,https://www.latercera.com/sociales/noticia/estudiantes-de-unab-aiep-y-udla-reciben-becas-de-movilidad-internacional-santander/
educacion,https://www.latercera.com/educacion/noticia/la-mirada-experta-estrategias-para-llegar-bien-preparados-a-la-paes/
mundo,https://www.latercera.com/mundo/noticia/tucker-carlson-asegura-que-trump-declarara-la-guerra-a-venezuela-durante-su-discurso-de-esta-noche-a-la-nacion/
branded,https://www.latercera.com/branded/noticia/bancoestado-lanza-casaverso-un-nuevo-ecosistema-digital-para-acompanar-el-acceso-a-la-casa-propia/
mundo,https://www.latercera.com/mundo/noticia/china-muestra-su-apoyo-a-venezuela-ante-el-bloqueo-y-la-intimidacion-de-estados-unidos/
culto,https://www.latercera.com/culto/noticia/no-eres-tu-conteo-de-plays/
pulso,https://www.latercera.com/pulso/noticia/empatia-una-nueva-forma-de-medir-la-sostenibilidad/
servicios,https://www.latercera.com/servicios/noticia/caravana-navidena-coca-cola-en-la-florida-este-es-el-recorrido-y-horario/
nacional,https://www.latercera.com/nacional/noticia/ministra-del-tc-maria-pia-silva-es-elegida-vicepresidenta-de-la-subcomision-de-latinoamerica-de-la-comision-de-venecia/
servicios,https://www.latercera.com/servicios/noticia/hasta-cuando-hay-plazo-para-las-matriculas-de-la-admision-escolar-y-cuales-son-los-documentos-necesarios/
editorial,https://www.latercera.com/editorial/noticia/debate-incompleto-sobre-reformas-laborales/
nacional,https://www.latercera.com/nacional/noticia/congreso-aprueba-prorroga-al-alza-de-requisitos-para-estudiar-pedagogia/
servicios,https://www.latercera.com/servicios/noticia/donde-y-a-que-hora-ver-a-manchester-city-vs-brentford-por-la-carabao-cup/
politica,https://www.latercera.com/politica/noticia/maria-jose-naudon-el-partido-republicano-tiene-que-ser-capaz-de-liderar-un-gobierno-de-coalicion-y-eso-es-dificil-en-un-partido-que-se-ha-consolidado-en-una-logica-oposicionista/
educacion,https://www.latercera.com/educacion/noticia/rankings-internacionales-revelan-cuales-son-las-universidades-chilenas-mas-destacadas/
politica,https://www.latercera.com/politica/noticia/presidente-udi-advierte-a-kast-por-eventuales-crisis-en-su-mandato-gobernar-es-dificil/
sociales,https://www.latercera.com/sociales/noticia/mas-de-700-invitados-participaron-en-la-cena-anual-2025-de-la-camara-espanola-de-comercio/
politica,https://www.latercera.com/politica/noticia/constanza-martinez-fa-la-tendencia-es-la-alternancia-pero-un-triunfo-electoral-no-es-necesariamente-un-triunfo-politico/
el-deportivo,https://www.latercera.com/el-deportivo/noticia/la-complicada-situacion-de-di-yorio-en-athletico-paranaense-que-ilusiona-a-los-hinchas-de-la-u/
finde,https://www.latercera.com/finde/noticia/orquesta-filarmonica-de-santiago-esto-debes-saber-de-los-conciertos-por-la-gran-celebracion-de-sus-70-anos/
pulso,https://www.latercera.com/pulso/noticia/kevin-cowan-deja-directorio-de-itau-tras-ser-nuevo-consejero-del-banco-central-y-banco-suma-a-exministra-de-uruguay/
finde,https://www.latercera.com/finde/noticia/con-musica-en-vivo-charlas-y-paneles-sobre-el-medioambiente-los-detalles-del-festival-ladera-sur-2025/
mtonline,https://www.latercera.com/mtonline/noticia/travis-pastrana-se-luce-con-el-aussie-shred-la-nueva-serie-de-gymkhana/
sociales,https://www.latercera.com/sociales/noticia/apple-presenta-su-primera-muestra-de-fotografia-en-chile/
mundo,https://www.latercera.com/mundo/noticia/estados-unidos-pide-a-honduras-iniciar-inmediatamente-el-proceso-especial-de-escrutinio-para-dar-resultados-oficiales/
opinion,https://www.latercera.com/opinion/noticia/la-segunda-vuelta-de-un-sistema-politico-agotado/
el-deportivo,https://www.latercera.com/el-deportivo/noticia/abogados-externos-y-mirando-de-reojo-a-la-fifa-la-anfp-pasa-a-la-ofensiva-en-la-guerra-contra-union-espanola-e-iquique/
mtonline,https://www.latercera.com/mtonline/noticia/nuevo-kia-ev6-ajustes-clave-en-el-crossover-electrico/
educacion,https://www.latercera.com/educacion/noticia/los-desiertos-alimentarios/
editorial,https://www.latercera.com/editorial/noticia/consumo-de-drogas-en-poblacion-escolar/
el-deportivo,https://www.latercera.com/el-deportivo/noticia/cuando-elias-figueroa-paso-a-ser-dios-en-brasil-los-50-anos-del-gol-iluminado/
pulso,https://www.latercera.com/pulso/noticia/rodrigo-duran-el-cuello-de-botella-en-ia-sera-el-computo-y-chile-tiene-una-oportunidad-estrategica-de-insertarse-ahi/
el-deportivo,https://www.latercera.com/el-deportivo/noticia/con-un-importante-incremento-el-millonario-premio-que-se-llevara-la-seleccion-campeona-del-mundial-2026-de-norteamerica/
culto,https://www.latercera.com/culto/noticia/un-terrorista-emocional-el-mayor-desastre-mundial-rosalia-lanza-el-video-de-la-perla/
pulso,https://www.latercera.com/pulso/noticia/los-otros-cargos-economicos-que-debera-nombrar-el-nuevo-gobierno/
mtonline,https://www.latercera.com/mtonline/noticia/se-conocen-nuevos-detalles-del-volkswagen-id-polo-un-clasico-adaptado-a-la-era-electrica/
educacion,https://www.latercera.com/educacion/noticia/estas-son-las-universidades-e-institutos-mas-grandes-que-mas-puntaje-piden-y-acreditadas-por-mas-anos/
el-deportivo,https://www.latercera.com/el-deportivo/noticia/seis-equipos-chilenos-ponen-foco-en-luque-el-detalle-del-sorteo-de-las-fases-preliminares-de-libertadores-y-sudamericana/
tendencias,https://www.latercera.com/tendencias/noticia/como-recuperar-el-dia-si-dormiste-mal-en-la-noche-segun-la-ciencia/
red-activa,https://www.latercera.com/red-activa/noticia/revisaron-71-mil-dialogos-y-esta-ingeniera-fue-elegida-como-la-de-mayor-notoriedad-en-las-conversaciones-digitales-del-pais/
tendencias,https://www.latercera.com/tendencias/noticia/macbook-pro-m5-analisis-el-mejor-portatil-para-profesionales-abraza-la-ia-sin-arriesgar-en-diseno/
servicios,https://www.latercera.com/servicios/noticia/a-que-hora-y-donde-ver-a-psg-vs-flamengo-por-la-final-de-la-copa-intercontinental/
mtonline,https://www.latercera.com/mtonline/noticia/ford-detiene-produccion-del-f-150-lightning-su-proyecto-electrico-mas-ambicioso/
finde,https://www.latercera.com/finde/noticia/mi-panorama-ver-la-realidad-en-fidocs-2025/
branded,https://www.latercera.com/branded/noticia/latam-airlines-presenta-su-nueva-promesa-de-marca-bienvenido-a-ir-mas-alto/
videos,https://www.latercera.com/videos/noticia/las-fuerzas-que-mueven-el-precio-del-cobre/
tendencias,https://www.latercera.com/tendencias/noticia/como-fue-el-ataque-con-drones-de-ucrania-contra-un-submarino-de-rusia-en-el-mar-negro-segun-kiev/
lt-board,https://www.latercera.com/lt-board/noticia/de-las-tanning-drops-al-prohibido-melanotan-cuan-peligrosos-son-los-nuevos-metodos-para-un-bronceado-sin-sol/
tendencias,https://www.latercera.com/tendencias/noticia/como-fueron-las-ultimas-horas-de-rob-reiner-y-su-esposa-michele-antes-de-ser-asesinados/
pulso,https://www.latercera.com/pulso/noticia/diez-anos-del-premio-impulsa-abriendo-camino-a-mujeres-en-altos-cargos-empresariales/
pulso,https://www.latercera.com/pulso/noticia/despidos-por-necesidad-de-la-empresa-superan-los-400-mil-a-octubre-y-va-camino-a-alcanzar-el-nivel-del-peor-ano-de-la-pandemia/
nacional,https://www.latercera.com/nacional/noticia/chevesich-versus-repetto-la-disputa-por-el-recambio-en-la-suprema-en-medio-de-la-crisis-mas-dura-del-poder-judicial/
red-activa,https://www.latercera.com/red-activa/noticia/las-ninas-que-practican-deporte-en-reino-unido-tienen-un-50-mas-de-posibilidades-de-conseguir-un-buen-trabajo/
emprendimiento,https://www.latercera.com/emprendimiento/noticia/estudio-revela-la-peor-dificultad-para-emprendedor-en-el-pais/
que-pasa,https://www.latercera.com/que-pasa/noticia/cientificos-chilenos-realizan-crucial-hallazgo-sobre-una-de-las-enfermedades-que-mas-ceguera-provoca-a-nivel-mundial/
opinion,https://www.latercera.com/opinion/noticia/reagrupamiento/
sustentabilidad,https://www.latercera.com/sustentabilidad/noticia/tomas-collados-glampi-busca-posicionarse-como-una-interfaz-inteligente-entre-la-naturaleza-y-viajeros/
el-deportivo,https://www.latercera.com/el-deportivo/noticia/escandalo-en-el-tenis-jugador-recibe-historica-sancion-de-20-anos-tras-ser-vinculado-a-una-red-de-arreglo-de-partidos/
nacional,https://www.latercera.com/nacional/noticia/las-cuatro-reformas-pendientes-del-gobierno-de-gabriel-boric/
politica,https://www.latercera.com/politica/noticia/daniel-jadue-y-la-derrota-de-jara-el-gobierno-de-boric-es-el-mayor-responsable/
culto,https://www.latercera.com/culto/noticia/zoe-saldana-y-avatar-3-como-raza-humana-nos-podemos-identificar-con-todos-los-temas-de-esta-pelicula/
opinion,https://www.latercera.com/opinion/noticia/la-izquierda-entre-el-renacer-y-el-ocaso/
sustentabilidad,https://www.latercera.com/sustentabilidad/noticia/credibilidad-como-activo-estrategico-aprendizajes-empresariales-para-un-nuevo-ciclo-politico/
sociales,https://www.latercera.com/sociales/noticia/inauguracion-exposicion-trama-azul-julita-luco-maca-rencoret/
cartas-al-director,https://www.latercera.com/cartas-al-director/noticia/oportunidad-desaprovechada/
tendencias,https://www.latercera.com/tendencias/noticia/cual-es-la-palabra-del-ano-2025-segun-la-fundeurae/
red-activa,https://www.latercera.com/red-activa/noticia/como-un-simple-cambio-mejoro-significativamente-los-resultados-de-patentes-de-mujeres-inventoras/
editorial,https://www.latercera.com/editorial/noticia/el-enorme-desafio-que-espera-a-la-nueva-presidenta-de-la-corte-suprema/
sustentabilidad,https://www.latercera.com/sustentabilidad/noticia/sea-incorpora-ia-para-modernizar-la-evaluacion-ambiental-en-chile/
emprendimiento,https://www.latercera.com/emprendimiento/noticia/rema-y-ainwater-son-las-startups-ganadoras-del-demo-day-de-la-segunda-version-del-programa-de-aceleracion-decarb-volution/
paula,https://www.latercera.com/paula/noticia/violencia-institucional-lo-que-ocurre-cuando-las-instituciones-no-funcionan/
opinion,https://www.latercera.com/opinion/noticia/de-aqui-al-11-de-marzo/
el-deportivo,https://www.latercera.com/el-deportivo/noticia/impacto-en-ecuador-lo-que-se-sabe-hasta-ahora-del-asesinato-de-figura-del-barcelona-de-guayaquil/
tendencias,https://www.latercera.com/tendencias/noticia/soundcore-presenta-los-audifonos-aerofit-2-con-traduccion-con-ia-en-tiempo-real/
sociales,https://www.latercera.com/sociales/noticia/festive-season-en-mandarin-oriental-santiago/
tendencias,https://www.latercera.com/tendencias/noticia/por-que-el-humo-de-los-incendios-forestales-llega-a-santiago-y-como-evitar-sus-efectos-nocivos/
politica,https://www.latercera.com/politica/noticia/los-factores-que-analiza-kast-para-apoyar-o-no-bachelet-en-la-onu/
editorial,https://www.latercera.com/editorial/noticia/ocde-y-reforma-previsional-chilena/
politica,https://www.latercera.com/politica/noticia/el-futuro-republicano-y-el-test-a-kast-para-liderar-un-gobierno-de-derecha/
educacion,https://www.latercera.com/educacion/noticia/eliminar-el-fondo-esr-un-retroceso-para-las-regiones-y-la-educacion-publica/
opinion,https://www.latercera.com/opinion/noticia/prohibir-no-es-educar/
educacion,https://www.latercera.com/educacion/noticia/nuevas-ingenierias-ajuste-en-psicologia-y-el-repliegue-de-filosofia-la-oferta-de-carreras-2026/
emprendimiento,https://www.latercera.com/emprendimiento/noticia/chileglobal-ventures-lanza-evolve-programa-que-busca-acelerar-a-las-proximas-startups-lideres-de-la-industria-climatech-local/
culto,https://www.latercera.com/culto/noticia/valor-sentimental-una-de-las-mejores-cintas-de-2025-en-voz-de-stellan-skarsgard-y-elle-fanning/
sociales,https://www.latercera.com/sociales/noticia/expertos-de-transelec-copec-y-de-la-uai-analizaron-los-desafios-del-almacenamiento-de-energias-limpias/
politica,https://www.latercera.com/politica/noticia/quien-es-quien-en-la-moneda-chica-de-kast/
culto,https://www.latercera.com/culto/noticia/movimiento-original-celebra-20-anos-de-carrera-con-show-en-el-estadio-bicentenario-de-la-florida/
opinion,https://www.latercera.com/opinion/noticia/llego-el-dia/
tendencias,https://www.latercera.com/tendencias/noticia/ssd-ps5-mejor-que-ps5-pro/
sustentabilidad,https://www.latercera.com/sustentabilidad/noticia/patagonia-la-marca-que-define-a-la-tierra-como-su-unico-accionista/
branded,https://www.latercera.com/branded/noticia/copec-alcanza-mas-de-90-puntos-de-carga-rapida-y-pone-en-marcha-los-cargadores-mas-potentes-del-pais/
sustentabilidad,https://www.latercera.com/sustentabilidad/noticia/festival-ladera-sur-donde-convergen-fundaciones-empresas-academia-y-proyectos-para-el-medio-ambiente/
editorial,https://www.latercera.com/editorial/noticia/el-segundo-tiempo-de-milei/
editorial,https://www.latercera.com/editorial/noticia/nueva-presidenta-de-la-corte-suprema/
culto,https://www.latercera.com/culto/noticia/de-mariah-carey-a-wham-y-ariana-grande-cinco-clasicos-navidenos-que-vuelven-a-imponerse-en-las-listas/
branded,https://www.latercera.com/branded/noticia/quienes-son-los-latinos-que-dejaron-su-huella-en-los-muros-de-doha/
el-deportivo,https://www.latercera.com/el-deportivo/noticia/conmocion-en-el-futbol-mundial-sicarios-asesinan-a-figura-de-barcelona-de-guayaquil-y-a-su-esposa/
mtonline,https://www.latercera.com/mtonline/noticia/chevrolet-celebra-los-250-anos-de-eeuu-con-una-coleccion-especial-de-sus-clasicos/
opinion,https://www.latercera.com/opinion/noticia/prioridades-del-nuevo-gobierno-luego-de-legislar-el-acceso-a-las-pedagogias/
cartas-al-director,https://www.latercera.com/cartas-al-director/noticia/regular-es-proteger/
opinion,https://www.latercera.com/opinion/noticia/sin-acuerdos-no-hay-amistad-civica/
tendencias,https://www.latercera.com/tendencias/noticia/podria-la-supergripe-h3n2-llegar-a-chile-esto-dice-un-medico-infectologo/
el-deportivo,https://www.latercera.com/el-deportivo/noticia/chile-se-abre-camino-en-qatar-con-su-debut-en-el-polo-almarsa-2025/
sustentabilidad,https://www.latercera.com/sustentabilidad/noticia/segunda-vuelta-las-visiones-ambientales-que-podrian-marcar-el-rumbo-del-proximo-gobierno/
opinion,https://www.latercera.com/opinion/noticia/no-vote-por-mi/
nacional,https://www.latercera.com/nacional/noticia/trama-bielorrusa-corte-de-apelaciones-acoge-querella-de-capitulos-contra-exministra-angela-vivanco/
mundo,https://www.latercera.com/mundo/noticia/petro-invita-a-machado-a-hablar-con-el-en-colombia-de-la-paz-del-caribe-y-no-de-invasiones/
cartas-al-director,https://www.latercera.com/cartas-al-director/noticia/valentia-de-papel/
politica,https://www.latercera.com/politica/noticia/continuan-las-visitas-a-la-moneda-chica-arzopispo-chomali-se-reune-con-kast-y-le-hace-entrega-de-un-presente/
culto,https://www.latercera.com/culto/noticia/oona-chaplin-la-villana-de-avatar-3-para-mi-siempre-es-muy-potente-ir-a-chile/
opinion,https://www.latercera.com/opinion/noticia/la-verdadera-derrota-de-la-nueva-izquierda/
nacional,https://www.latercera.com/nacional/noticia/fiscalizacion-de-galeria-de-joyas-de-santiago-termina-con-un-detenido-investigan-origen-de-oro-y-uso-de-quimicos-toxicos/
nacional,https://www.latercera.com/nacional/noticia/sumario-por-viajar-con-licencia-medica-la-inmunidad-gremial-del-polemico-juez-urrutia-que-lo-protege-de-sanciones-por-mala-conducta/
politica,https://www.latercera.com/politica/noticia/el-rol-de-las-parejas-de-jara-y-kast-detras-de-la-presidencial/
cartas-al-director,https://www.latercera.com/cartas-al-director/noticia/tag-legislando-para-el-2/
paula,https://www.latercera.com/paula/noticia/hablemos-de-amor-por-que-muchas-mujeres-se-sienten-mas-acompanadas-por-alguien-menor/
opinion,https://www.latercera.com/opinion/noticia/verdad-y-libertad/
servicios,https://www.latercera.com/servicios/noticia/las-10-comunas-de-la-rm-con-corte-de-luz-programado-para-este-miercoles-2/
editorial,https://www.latercera.com/editorial/noticia/el-valor-de-las-tradiciones-civicas/
culto,https://www.latercera.com/culto/noticia/15-especialistas-eligen-los-mejores-libros-del-2025/
opinion,https://www.latercera.com/opinion/noticia/humanizar-la-justicia-un-imperativo-etico/
mundo,https://www.latercera.com/mundo/noticia/juan-guaido-lamente-mucho-ver-a-una-candidata-hablar-de-que-machado-era-una-golpista/
mundo,https://www.latercera.com/mundo/noticia/eeuu-mata-a-cuatro-hombres-en-un-nuevo-ataque-contra-una-presunta-narcolancha-en-aguas-del-pacifico/
mtonline,https://www.latercera.com/mtonline/noticia/renault-ajusta-su-movilidad-urbana/
editorial,https://www.latercera.com/editorial/noticia/promesas-que-no-benefician-a-los-consumidores/
tendencias,https://www.latercera.com/tendencias/noticia/redmi-pad-2-pro-analisis-un-cine-de-bolsillo-por-menos-de-300000/
politica,https://www.latercera.com/politica/noticia/kast-jara-los-temas-y-fantasmas-que-incomodaron-sus-campanas/
sustentabilidad,https://www.latercera.com/sustentabilidad/noticia/investigador-creara-repositorio-de-datos-abiertos-sobre-contaminantes-eternos-de-la-antartica-chilena/
paula,https://www.latercera.com/paula/noticia/fundacion-gerocultura-el-proyecto-que-pone-la-vejez-sobre-las-tablas/
el-deportivo,https://www.latercera.com/el-deportivo/noticia/se-adelanta-safonov-el-polemico-penal-que-inclino-la-balanza-para-el-psg-en-la-final-de-la-intercontinental-ante-flamengo/
nacional,https://www.latercera.com/nacional/noticia/metro-de-santiago-12-estaciones-de-linea-2-se-encuentran-sin-servicio/
red-activa,https://www.latercera.com/red-activa/noticia/chile-necesita-500-nuevas-directoras-a-2035-para-cumplir-con-nueva-ley-de-paridad-en-directorios/
mundo,https://www.latercera.com/mundo/noticia/camara-de-representantes-de-eeuu-rechaza-resolucion-de-legisladores-democratas-que-buscaba-evitar-escalada-militar-en-venezuela/
opinion,https://www.latercera.com/opinion/noticia/la-tercera-mitad/
culto,https://www.latercera.com/culto/noticia/rosalia-no-se-considera-abiertamente-feminista-la-fuete-polemica-que-desataron-sus-declaraciones/
tendencias,https://www.latercera.com/tendencias/noticia/quien-era-benjamin-ramirez-mas-conocido-como-emp-el-jugador-chileno-que-fallecio-a-los-29-anos/
nacional,https://www.latercera.com/nacional/noticia/incautan-mas-de-dos-mil-plantas-de-marihuana-en-bosque-nativo-de-pemuco/
tendencias,https://www.latercera.com/tendencias/noticia/rodeado-de-senales-de-actividad-revelan-nuevos-y-extranos-detalles-sobre-el-3iatlas/
sociales,https://www.latercera.com/sociales/noticia/post-cop-30-evento-organizado-por-manuia-vinculo-acuerdos-globales-con-implicancias-para-el-sector-privado/
culto,https://www.latercera.com/culto/noticia/guillermo-arriaga-guionista-y-escritor-mexicano-la-guerra-con-estados-unidos-dejo-un-ego-herido-en-los-mexicanos-a-muchos-mexicanos-aun-nos-pesa/
mtonline,https://www.latercera.com/mtonline/noticia/ds-automobiles-presenta-el-nuevo-ds-n4-totalmente-electrificado/
cartas-al-director,https://www.latercera.com/cartas-al-director/noticia/ben-gvir-y-el-pin-de-la-horca/
culto,https://www.latercera.com/culto/noticia/resolvi-atacarlos-la-carga-de-caballeria-chilena-que-abrio-la-campana-terrestre-de-la-guerra-del-pacifico/
opinion,https://www.latercera.com/opinion/noticia/el-progresismo-el-dia-despues/
opinion,https://www.latercera.com/opinion/noticia/mas-evidencia-y-gobernanza-claves-para-el-desafio-de-la-natalidad/
paula,https://www.latercera.com/paula/noticia/catalina-castro-choque-seis-generaciones-de-ayni/
finde,https://www.latercera.com/finde/noticia/desde-the-beatles-hasta-pink-floyd-y-queen-en-escucha-inmersiva-la-cartelera-de-omni-soundlab-para-diciembre/
nacional,https://www.latercera.com/nacional/noticia/el-enigma-chino-de-nicolas-tapia/
el-deportivo,https://www.latercera.com/el-deportivo/noticia/safonov-ratifica-hegemonia-europea-psg-se-impone-en-penales-al-flamengo-de-pulgar-en-la-final-de-la-intercontinental/
mtonline,https://www.latercera.com/mtonline/noticia/el-homenaje-de-porsche-a-taiwan-con-el-911-carrera-t-formosa/
mtonline,https://www.latercera.com/mtonline/noticia/se-aprueba-la-ley-jacinta-estos-son-los-cambios-que-habra-para-conseguir-licencia-de-conducir/
paula,https://www.latercera.com/paula/noticia/cepillo-sin-dientes-la-crisis-de-salud-bucal-que-afecta-a-ninas-y-ninos-en-chile/
cartas-al-director,https://www.latercera.com/cartas-al-director/noticia/ceguera-ideologica/
pulso,https://www.latercera.com/pulso/noticia/la-advertencia-de-fitch-para-el-gobierno-de-kast-y-sus-estimaciones-para-el-pib/
red-activa,https://www.latercera.com/red-activa/noticia/zoom-de-genero-2025-balance-en-datos-y-desafios-urgentes-para-reducir-las-brechas-laborales/
pulso,https://www.latercera.com/pulso/noticia/hermann-gonzalez-el-rango-de-crecimiento-de-2-a-3-tiene-un-sesgo-al-alza/
editorial,https://www.latercera.com/editorial/noticia/la-ventana-que-se-abre-para-reformar-el-sistema-politico/
politica,https://www.latercera.com/politica/noticia/altos-mandos-de-las-ffaa-y-policias-se-reunen-con-presidente-electo-jose-antonio-kast/
politica,https://www.latercera.com/politica/noticia/los-reparos-de-la-exembajadora-figueroa-pc-a-la-visita-de-kast-a-milei-revela-lo-que-nunca-quiso-decir-en-campana/
paula,https://www.latercera.com/paula/noticia/hablemos-de-amor-el-ano-escolar-termino-y-estoy-exhausta/
opinion,https://www.latercera.com/opinion/noticia/creatividad-conceptuales-y-experimentalistas/
culto,https://www.latercera.com/culto/noticia/margaret-atwood-y-la-influencia-de-augusto-pinochet-en-el-cuento-de-la-criada-consistia-en-meter-gente-a-un-estadio/
lt-board,https://www.latercera.com/lt-board/noticia/como-enfrentar-la-pandemia-de-obesidad-que-vive-el-pais/
publirreportajes,https://www.latercera.com/publirreportajes/noticia/palettas-presenta-entretenida-linea-de-helados-inspirados-en-iconicos-personajes-de-disney/
pulso,https://www.latercera.com/pulso/noticia/banco-central-eleva-a-375-475-tasa-de-interes-neutral-y-mercado-no-descarta-una-nueva-baja-en-tpm/
mundo,https://www.latercera.com/mundo/noticia/assange-denuncia-a-la-fundacion-nobel-por-convertir-el-premio-de-la-paz-en-un-instrumento-de-guerra/
sociales,https://www.latercera.com/sociales/noticia/por-tercer-ano-consecutivo-alvi-celebro-encuentro-de-socios-2025/
culto,https://www.latercera.com/culto/noticia/macha-y-el-bloque-depresivo-en-el-estadio-nacional-todo-sobre-accesos-transporte-y-entradas/
mtonline,https://www.latercera.com/mtonline/noticia/changan-eado-plus-idd-el-sedan-hibrido-enchufable-accesible-para-todo-publico/
finde,https://www.latercera.com/finde/noticia/guia-del-ocio-panoramas-escogidos-para-el-fin-de-semana-del-13-y-14-de-diciembre/
el-deportivo,https://www.latercera.com/el-deportivo/noticia/multicampeon-en-ecuador-y-con-una-abrupta-salida-de-la-roja-quien-es-matias-fernandez-el-nuevo-lateral-de-colo-colo/
paula,https://www.latercera.com/paula/noticia/taller-1-un-espacio-conservado-por-la-memoria-periodistica/
tendencias,https://www.latercera.com/tendencias/noticia/cuando-y-en-que-parte-de-la-region-metropolitana-habra-lluvia-segun-el-pronostico/
videos,https://www.latercera.com/videos/noticia/las-ultimas-novedades-del-mercado-automotriz/
mundo,https://www.latercera.com/mundo/noticia/israel-vuelve-a-atacar-posiciones-de-hezbola-en-el-sur-de-libano-a-pesar-del-alto-el-fuego/
tendencias,https://www.latercera.com/tendencias/noticia/apple-lanza-fitness-doblado-al-espanol-con-metricas-en-pantalla-y-rutinas-desde-los-5-minutos/
videos,https://www.latercera.com/videos/noticia/la-importancia-de-los-concesionarios-de-autos-en-chile/
el-deportivo,https://www.latercera.com/el-deportivo/noticia/jorge-segovia-si-recibimos-un-portazo-de-la-anfp-acudiremos-a-los-tribunales-de-justicia/
opinion,https://www.latercera.com/opinion/noticia/en-la-direccion-correcta/
educacion,https://www.latercera.com/educacion/noticia/estar-aqui-ya-es-un-premio-como-una-aplicacion-chilena-se-convirtio-en-una-de-las-mejores-del-mundo/
servicios,https://www.latercera.com/servicios/noticia/a-que-hora-y-donde-ver-a-chile-vs-venezuela-por-la-copa-uc-sub-17/
mundo,https://www.latercera.com/mundo/noticia/los-12-multimillonarios-de-la-administracion-trump-la-casa-blanca-mas-rica-de-la-historia-moderna/
mundo,https://www.latercera.com/mundo/noticia/el-congreso-de-eeuu-exige-al-pentagono-compartir-los-videos-de-ataques-contra-narcolanchas/
emprendimiento,https://www.latercera.com/emprendimiento/noticia/estudio-revela-graves-problemas-de-algunas-startups-locales-para-salir-del-pais/
branded,https://www.latercera.com/branded/noticia/las-historias-chilenas-que-hicieron-eco-en-la-pantalla-grande-de-qatar/
sociales,https://www.latercera.com/sociales/noticia/mercado-libre-inmuebles-reunio-a-las-principales-inmobiliarias-y-corredoras-del-pais-para-cerrar-el-2025/
politica,https://www.latercera.com/politica/noticia/reforma-politica-de-elizalde-sufre-retraso-senadores-discolos-logran-aplazar-su-votacion-hasta-2026/
politica,https://www.latercera.com/politica/noticia/el-futuro-del-pc-despues-de-jara/
pulso,https://www.latercera.com/pulso/noticia/presidenta-del-banco-central-cerramos-2025-con-un-desempeno-mas-favorable-al-que-se-estimaba/
nacional,https://www.latercera.com/nacional/noticia/juan-carlos-manriquez-abogado-de-familia-de-maria-ercira-estamos-a-muy-poco-de-establecer-lo-que-realmente-paso/
servicios,https://www.latercera.com/servicios/noticia/anuncian-fechas-de-la-segunda-postulacion-al-fuas-para-solicitar-beneficios-estudiantiles/
pulso,https://www.latercera.com/pulso/noticia/el-tropiezo-de-la-familia-solari-en-colombia/
